Abbild	Abbild	NN	neutral	0/0/0	D
Abdeckblech	Abdeckblech	NN	neutral	0/0/0	D
Abdeckgitter	Abdeckgitter	NN	neutral	0/0/0	D
Abdeckrost	Abdeckrost	NN	neutral	0/0/0	D
Abdeckung	Abdeckung	NN	neutral	0.454545/0.272727/0.272727	D
Abdruck	Abdruck	NN	neutral	0/0/1	D
Abdrucknehmen	Abdrucknehmen	NN	neutral	0/0/0	D
Abenteuer	Abenteuer	NN	neutral	0/1/0	D
Ablage	Ablage	NN	neutral	0.25/0.75/0	D
Ablagegestell	Ablagegestell	NN	neutral	0/0/0	D
Ablauf	Ablauf	NN	neutral	0/1/0	D
Ablaufregelung	Ablaufregelung	NN	neutral	0/0/0	D
Ablenkblech	Ablenkblech	NN	neutral	0/0/0	D
Ablenkplatte	Ablenkplatte	NN	neutral	0/0/0	D
Ablieferung	Ablieferung	NN	neutral	0/0/0	D
Abreicherung	Abreicherung	NN	neutral	0/0/0	D
Abruf	Abruf	NN	neutral	0/0/0	D
Abschlag	Abschlag	NN	neutral	0/0/1	D
Abschlagszahlung	Abschlagszahlung	NN	neutral	0/0/0	D
Abschnitt	Abschnitt	NN	neutral	0/0/0	D
Abseite	Abseite	NN	neutral	0/0/0	D
Absicht	Absicht	NN	neutral	0.25/0.75/0	D
Abspannung	Abspannung	NN	neutral	0/0/0	D
Abstinenzbewegung	Abstinenzbewegung	NN	neutral	0/0/0	D
Abtretung	Abtretung	NN	neutral	0/0/0	D
Abwehrspieler	Abwehrspieler	NN	neutral	0/0/0	D
Abwägung	Abwägung	NN	neutral	1/0/0	D
Advokat	Advokat	NN	neutral	0/0/0	D
Affekt	Affekt	NN	neutral	0/0/0	D
Affektion	Affektion	NN	neutral	0/0/0	D
Affinität	Affinität	NN	neutral	0/0/0	D
Aha-Erlebnis	Aha-Erlebnis	NN	neutral	0/0/0	D
Ahnung	Ahnung	NN	neutral	0.3/0.55/0.15	D
Akkommodationsbreite	Akkommodationsbreite	NN	neutral	0/0/0	D
Akkomodationsbreite	Akkomodationsbreite	NN	neutral	0/0/0	D
Akteur	Akteur	NN	neutral	1/0/0	D
Allgemeinplatz	Allgemeinplatz	NN	neutral	0/0/0	D
Alter	Alter	NN	neutral	0.307692/0.538462/0.153846	D
Alternative	Alternative	NN	neutral	0.431818/0.431818/0.136364	D
Analyse	Analyse	NN	neutral	0.75/0.25/0	D
Analysegerät	Analysegerät	NN	neutral	0/0/0	D
Anblick	Anblick	NN	neutral	0/0.5/0.5	D
Anbringung	Anbringung	NN	neutral	0.333333/0.333333/0.333333	D
Andruck	Andruck	NN	neutral	0/0/0	D
Anfahrt	Anfahrt	NN	neutral	0/0/0	D
Anfangs	Anfang	NN	neutral	0.254237/0.542373/0.20339	D
Anfertigung	Anfertigung	NN	neutral	0/0/0	D
Anforderung	Anforderung	NN	neutral	0.166667/0.333333/0.5	D
Anforderungen	Anforderung	NN	neutral	0.166667/0.333333/0.5	D
Angelegenheit	Angelegenheit	NN	neutral	0.2/0.6/0.2	D
Anlage	Anlage	NN	neutral	0.214286/0.535714/0.25	D
Anlass	Anlaß	NN	neutral	0.666667/0/0.333333	D
Anlegbarkeit	Anlegbarkeit	NN	neutral	0/0/0	D
Anlehnung	Anlehnung	NN	neutral	0/0/0	D
Anleitung	Anleitung	NN	neutral	0.511111/0.333333/0.155556	D
Anmerkung	Anmerkung	NN	neutral	0.333333/0.333333/0.333333	D
Annahme	Annahme	NN	neutral	0/0.5/0.5	D
Anpflanzung	Anpflanzung	NN	neutral	0/0/0	D
Anpressvorrichtungen	Anpressvorrichtungen	NN	neutral	0/0/0	D
Anprobe	Anprobe	NN	neutral	0/0/0	D
Anschauung	Anschauung	NN	neutral	0/0/0	D
Anschein	Anschein	NN	neutral	1/0/0	D
Ansehung	Ansehung	NN	neutral	0/0/0	D
Ansicht	Ansicht	NN	neutral	0.2/0.3/0.5	D
Ansichten	Ansicht	NN	neutral	0.2/0.3/0.5	D
Ansteuerung	Ansteuerung	NN	neutral	1/0/0	D
Anstoß	Anstoß	NN	neutral	0/0/0	D
Antizyklone	Antizyklone	NN	neutral	0/0/0	D
Anvulkanisation	Anvulkanisation	NN	neutral	0/0/0	D
Anvulkanisieren	Anvulkanisieren	NN	neutral	0/0/0	D
Anzeige	Anzeige	NN	neutral	0.52/0.28/0.2	D
Apostel	Apostel	NN	neutral	0/0/0	D
Arbeit	Arbeit	NN	neutral	0.428571/0.311688/0.25974	D
Arbeitseinstellung	Arbeitseinstellung	NN	neutral	0/0/0	D
Areal	Areal	NN	neutral	0/0/0	D
Argument	Argument	NN	neutral	0.4/0.6/0	D
Argumentation	Argumentation	NN	neutral	0/0/0	D
Argumente	Argument	NN	neutral	0.4/0.6/0	D
Art	Art	NN	neutral	0.25/0.410714/0.339286	D
Aspiration	Aspiration	NN	neutral	0/0/0	D
Asyl	Asyl	NN	neutral	0/0/0	D
Aszendent	Aszendent	NN	neutral	0/0/0	D
Atemzug	Atemzug	NN	neutral	0/0/0	D
Aufarbeitung	Aufarbeitung	NN	neutral	0/0/0	D
Aufenthalt	Aufenthalt	NN	neutral	0/0/0	D
Auffassung	Auffassung	NN	neutral	0/0/1	D
Aufführung	Aufführung	NN	neutral	0/0/0	D
Aufgabenstellung	Aufgabenstellung	NN	neutral	0/1/0	D
Auflagergröße	Auflagergröße	NN	neutral	0/0/0	D
Auflagerkraft	Auflagerkraft	NN	neutral	0/0/0	D
Auflagerreaktion	Auflagerreaktion	NN	neutral	0/0/0	D
Aufsteller	Aufsteller	NN	neutral	0/0/0	D
Auftakt	Auftakt	NN	neutral	0/0/0	D
Aufteilung	Aufteilung	NN	neutral	0/0/0	D
Auftreten	Auftreten	NN	neutral	0.121212/0.69697/0.181818	D
Auftritt	Auftritt	NN	neutral	0.571429/0.428571/0	D
Augenblick	Augenblick	NN	neutral	0.333333/0.333333/0.333333	D
Augenbraue	Augenbraue	NN	neutral	0/0/0	D
Aus-Stellung	Aus-Stellung	NN	neutral	0/0/0	D
Ausbildungs	Ausbildungs	NN	neutral	0/0/0	D
Ausblühungen	Ausblühungen	NN	neutral	0/0/0	D
Ausdruck	Ausdruck	NN	neutral	0.357143/0.428571/0.214286	D
Ausführung	Ausführung	NN	neutral	0.4/0.466667/0.133333	D
Ausführungsform	Ausführungsform	NN	neutral	0/0/0	D
Ausgang	Ausgang	NN	neutral	0.333333/0.5/0.166667	D
Ausgangsdrossel	Ausgangsdrossel	NN	neutral	0/0/0	D
Ausgangsform	Ausgangsform	NN	neutral	0/0/0	D
Ausgestaltung	Ausgestaltung	NN	neutral	0/0/0	D
Auskehlung	Auskehlung	NN	neutral	0/0/0	D
Auskragung	Auskragung	NN	neutral	0/0/0	D
Auslastung	Auslastung	NN	neutral	0/0/0	D
Ausleger	Ausleger	NN	neutral	0/0/0	D
Auslenkung	Auslenkung	NN	neutral	0/0/0	D
Ausläufer	Ausläufer	NN	neutral	0/0/0	D
Ausnutzung	Ausnutzung	NN	neutral	1/0/0	D
Ausrichtung	Ausrichtung	NN	neutral	0.4/0.6/0	D
Aussehen	Aussehen	NN	neutral	0.283582/0.477612/0.238806	D
Aussichtspunkte	Aussichtspunkt	NN	neutral	0/0/0	D
Ausstanzer	Ausstanzer	NN	neutral	0/0/0	D
Ausstattungsfilm	Ausstattungsfilm	NN	neutral	0/0/0	D
Aussteifung	Aussteifung	NN	neutral	0/0/0	D
Ausstellung	Ausstellung	NN	neutral	0/0/0	D
Aussteuerungsweite	Aussteuerungsweite	NN	neutral	0/0/0	D
Ausströmreaktionskräfte	Ausströmreaktionskräfte	NN	neutral	0/0/0	D
Austastung	Austastung	NN	neutral	0/0/0	D
Ausweg	Ausweg	NN	neutral	0/0/0	D
Auswerteverfahren	Auswerteverfahren	NN	neutral	0/0/0	D
Auswertung	Auswertung	NN	neutral	0/0.666667/0.333333	D
Auswärtsspiel	Auswärtsspiel	NN	neutral	0/0/0	D
Auszug	Auszug	NN	neutral	0.25/0.25/0.5	D
Baby	Baby	NN	neutral	0.5625/0.3125/0.125	D
Bach	Bach	NN	neutral	0.25/0.5/0.25	D
Bahn	Bahn	NN	neutral	0.5/0/0.5	D
Balkenrost	Balkenrost	NN	neutral	0/0/0	D
Ballwechsel	Ballwechsel	NN	neutral	0/0/0	D
Bank	Bank	NN	neutral	0/0/1	D
Bankert	Bankert	NE	neutral	0/0/0	D
Bankschließfach	Bankschließfach	NN	neutral	0/0/0	D
Basis	Basis	NN	neutral	0.307692/0.461538/0.230769	D
Basisnetz	Basisnetz	NN	neutral	0/0/0	D
Bauhöhe	Bauhöhe	NN	neutral	0/1/0	D
Bauhütte	Bauhütte	NN	neutral	0/0/0	D
Baumkante	Baumkante	NN	neutral	0/0/0	D
Bausparkasse	Bausparkasse	NN	neutral	0/0/0	D
Baustahlgewebe	Baustahlgewebe	NN	neutral	0/0/0	D
Baustein
Freigabe	Baustein-Freigabe	NN	neutral	0/0/0	D
Becken	Becken	NN	neutral	0/0/0	D
Bedarf	Bedarf	NN	neutral	0.583333/0.333333/0.0833333	D
Bediengerät	Bediengerät	NN	neutral	0/0/0	D
Bedienungsfeld	Bedienungsfeld	NN	neutral	0/0/0	D
Begleichung	Begleichung	NN	neutral	0/0/0	D
Begriff	Begriff	NN	neutral	0.0909091/0.727273/0.181818	D
Begründung	Begründung	NN	neutral	0/0.5/0.5	D
Behandlung	Behandlung	NN	neutral	0.333333/0.333333/0.333333	D
Behälter	Behälter	NN	neutral	0.391304/0.304348/0.304348	D
Beispiel	Beispiel	NN	neutral	0.347305/0.383234/0.269461	D
Beispielsfall	Beispielsfall	NN	neutral	0/0/0	D
Beize	Beize	NN	neutral	0/0/0	D
Beizen	Beize	NN	neutral	0/0/0	D
Belletristik	Belletristik	NN	neutral	0/0/0	D
Bemerkung	Bemerkung	NN	neutral	0/1/0	D
Bemessung	Bemessung	NN	neutral	0/1/0	D
Berater	Berater	NN	neutral	0/0/0	D
Beratung	Beratung	NN	neutral	0/0/0	D
Bereifung	Bereifung	NN	neutral	0/0/0	D
Berichterstatter	Berichterstatter	NN	neutral	0/0/0	D
Berlocke	Berlocke	NN	neutral	0/0/0	D
Berührung	Berührung	NN	neutral	0/0.75/0.25	D
Bescheid	Bescheid	NN	neutral	0.25/0.75/0	D
Bescheinigungswesen	Bescheinigungswesen	NN	neutral	0/0/0	D
Beschlag	Beschlag	NN	neutral	0/0/0	D
Beschleuniger	Beschleuniger	NN	neutral	0/0/0	D
Beschluss	Beschluß	NN	neutral	0/0/0	D
Beschnittzugabe	Beschnittzugabe	NN	neutral	0/0/0	D
Besitzer	Besitzer	NN	neutral	0.461538/0.461538/0.0769231	D
Besitzerin	Besitz	NE	neutral	0.47619/0.333333/0.190476	D
Besitzübertragung	Besitzübertragung	NN	neutral	0/0/0	D
Bestimmung	Bestimmung	NN	neutral	0/0/1	D
Beton	Beton	NN	neutral	0.8/0.2/0	D
Betonung	Betonung	NN	neutral	0/0/0	D
Betrieb	Betrieb	NN	neutral	0.294118/0.458824/0.247059	D
Betriebsverfassungsgesetz	Betriebsverfassungsgesetz	NN	neutral	0/0/0	D
Beurteilung	Beurteilung	NN	neutral	0.142857/0.714286/0.142857	D
Bevorzugung	Bevorzugung	NN	neutral	0/0/0	D
Bewandtnis	Bewandtnis	NN	neutral	0/0/0	D
Beweggrund	Beweggrund	NN	neutral	0/0/0	D
Bewegung	Bewegung	NN	neutral	0.1875/0.5625/0.25	D
Bewusstheit	Bewußtheit	NN	neutral	0/0/0	D
Bewusstsein	Bewußtsein	NN	neutral	0/0/0	D
Bewusstseinsbildung	Bewußtseinsbildung	NN	neutral	0/0/0	D
Bewusstwerdung	Bewusstwerdung	NN	neutral	0/0/0	D
Bezugsformstück	Bezugsformstück	NN	neutral	0/0/0	D
Bild	Bild	NN	neutral	0.35533/0.380711/0.263959	D
Bildabstand	Bildabstand	NN	neutral	0/0/0	D
Bildhelligkeit	Bildhelligkeit	NN	neutral	0/0/0	D
Bildkontrastverstärkung	Bildkontrastverstärkung	NN	neutral	0/0/0	D
Bildnis	Bildnis	NN	neutral	0/0/0	D
Bindebogen	Bindebogen	NN	neutral	0/0/0	D
Bisexuelle	Bisexuelle	NN	neutral	0/0/0	D
Blattschraube	Blattschraube	NN	neutral	0/0/0	D
Bleiplombe	Bleiplombe	NN	neutral	0/0/0	D
Blende	Blende	NN	neutral	0/1/0	D
Blendrahmen	Blendrahmen	NN	neutral	0/0/0	D
Blitzen	Blitz	NN	neutral	0.75/0.25/0	D
Block	Block	NN	neutral	0.5/0.166667/0.333333	D
Blocksatz	Blocksatz	NN	neutral	0/0/0	D
Blust	Blust	NN	neutral	0/0/0	D
Blutrot	Blutrot	NN	neutral	0/0/0	D
Boden	Boden	NN	neutral	0.301887/0.471698/0.226415	D
Bodenverfestiger	Bodenverfestiger	NN	neutral	0/0/0	D
Bodenwrange	Bodenwrange	NN	neutral	0/0/0	D
Bogenweiche	Bogenweiche	NN	neutral	0/0/0	D
Bohrarbeit	Bohrarbeit	NN	neutral	0/0/0	D
Bohrloch	Bohrloch	NN	neutral	0/0.666667/0.333333	D
Bohrung	Bohrung	NN	neutral	0/0.5/0.5	D
Bordell	Bordell	NN	neutral	0/0/0	D
Borstenhaar	Borstenhaar	NN	neutral	0/0/0	D
Brandprobe	Brandprobe	NN	neutral	0/0/0	D
Brandungswelle	Brandungswelle	NN	neutral	0/0/0	D
Bride	Bride	NN	neutral	0/0/0	D
Briefschluss	Briefschluss	NN	neutral	0/0/0	D
Brötchen	Brötchen	NN	neutral	0.4/0.4/0.2	D
Brückenpfeiler	Brückenpfeiler	NN	neutral	0/0/0	D
Bundstäbchen	Bundstäbchen	NN	neutral	0/0/0	D
Buttertoffee	Buttertoffee	NN	neutral	0/0/0	D
Bürgschaft	Bürgschaft	NN	neutral	0/0/0	D
Bürgschaftsnehmer	Bürgschaftsnehmer	NN	neutral	0/0/0	D
Cartoon	Cartoon	NN	neutral	0/0/0	D
Chassis	Chassis	NN	neutral	0/0/0	D
Cherub	Cherub	NN	neutral	0/0/0	D
Chevreau	Chevreau	NN	neutral	0/0/0	D
Chevreauleder	Chevreauleder	NN	neutral	0/0/0	D
Chiffre	Chiffre	NN	neutral	0/0/0	D
Chiffrierschlüssel	Chiffrierschlüssel	NN	neutral	0/0/0	D
Choral	Choral	NN	neutral	0.5/0/0.5	D
Chorraum	Chorraum	NN	neutral	0/0/0	D
Chrysantheme	Chrysantheme	NN	neutral	0/0/0	D
Clique	Clique	NN	neutral	0/0/0	D
Dachschräge	Dachschräge	NN	neutral	0/0/0	D
Darsteller	Darsteller	NN	neutral	0.333333/0.333333/0.333333	D
Darstellung	Darstellung	NN	neutral	0.222222/0.444444/0.333333	D
Datenoase	Datenoase	NN	neutral	0/0/0	D
Dauer	Dauer	NN	neutral	0.117647/0.558824/0.323529	D
Dauerhaftigkeit	Dauerhaftigkeit	NN	neutral	0/0/0	D
Daumen	Daumen	NN	neutral	0.444444/0.444444/0.111111	D
Deckband	Deckband	NN	neutral	0/0/0	D
Deckelkorb	Deckelkorb	NN	neutral	0/0/0	D
Deckfalte	Deckfalte	NN	neutral	0/0/0	D
Deckstütze	Deckstütze	NN	neutral	0/0/0	D
Deduktion	Deduktion	NN	neutral	0/0/0	D
Definiertheit	Definiertheit	NN	neutral	0/0/0	D
Delkredere	Delkredere	NN	neutral	0/0/0	D
Denken	Denken	NN	neutral	0.245283/0.462264/0.292453	D
Denkungsart	Denkungsart	NN	neutral	0/0/0	D
Depotfund	Depotfund	NN	neutral	0/0/0	D
Destillationsapparat	Destillationsapparat	NN	neutral	0/0/0	D
Destillationsblase	Destillationsblase	NN	neutral	0/0/0	D
Dia	Dia	NN	neutral	0/0/0	D
Diapositiv	Diapositiv	NN	neutral	0/0/0	D
Dichtung	Dichtung	NN	neutral	0.2/0.7/0.1	D
Dichtungsfilzstreifen	Dichtungsfilzstreifen	NN	neutral	0/0/0	D
Diele	Diele	NN	neutral	0/0/0	D
Dienstbote	Dienstbot	NN	neutral	0/0/0	D
Dienstbotin	Dienstbotin	NN	neutral	0/0/0	D
Dienstgrad	Dienstgrad	NN	neutral	0/0/0	D
Dienstrang	Dienstrang	NN	neutral	0/0/0	D
Differenz	Differenz	NN	neutral	0/1/0	D
Differenzbetrag	Differenzbetrag	NN	neutral	0/0/0	D
Digitalzeichen	Digitalzeichen	NN	neutral	0/0/0	D
Ding	Ding	NN	neutral	0.271605/0.561728/0.166667	D
Dinge	Ding	NN	neutral	0.271605/0.561728/0.166667	D
Diplomatie	Diplomatie	NN	neutral	0/0/0	D
Distribution	Distribution	NN	neutral	0/0/1	D
Drahtkorbbuhne	Drahtkorbbuhne	NN	neutral	0/0/0	D
Drahtschotterbuhne	Drahtschotterbuhne	NN	neutral	0/0/0	D
Drall	Drall	NN	neutral	0/0/0	D
Drehdurchmesser	Drehdurchmesser	NN	neutral	0/0/0	D
Drehscheibe	Drehscheibe	NN	neutral	0/0/0	D
Drehung	Drehung	NN	neutral	0/0/0	D
Drehungen	Drehung	NN	neutral	0/0/0	D
Drosselklappe	Drosselklappe	NN	neutral	0/0/0	D
Drosselspule	Drosselspule	NN	neutral	0/0/0	D
Druckluft	Druckluft	NN	neutral	0/0/0	D
Druckpresse	Druckpresse	NN	neutral	0/0/0	D
Druckstoß	Druckstoß	NN	neutral	0/0/0	D
Durchblicke	Durchblick	NN	neutral	0/0/0	D
Durchfahrtshöhe	Durchfahrtshöhe	NN	neutral	0/0/0	D
Durchführung	Durchführung	NN	neutral	1/0/0	D
Durchschlagpapier	Durchschlagpapier	NN	neutral	0/0/0	D
Dämmerung	Dämmerung	NN	neutral	1/0/0	D
Dämpfung	Dämpfung	NN	neutral	0/1/0	D
Dämpfungsverhältnis	Dämpfungsverhältnis	NN	neutral	0/0/0	D
Ebene	Ebene	NN	neutral	0.25/0.75/0	D
Effektivverzinsung	Effektivverzinsung	NN	neutral	0/0/0	D
Ehefähigkeitszeugnis	Ehefähigkeitszeugnis	NN	neutral	0/0/0	D
Eigenkapitaldecke	Eigenkapitaldecke	NN	neutral	0/0/0	D
Eigenschaft	Eigenschaft	NN	neutral	0.333333/0.4/0.266667	D
Einbildungskraft	Einbildungskraft	NN	neutral	0/0/0	D
Einfachheit	Einfachheit	NN	neutral	0.666667/0.333333/0	D
Einfall	Einfall	NN	neutral	0/1/0	D
Einflugloch	Einflugloch	NN	neutral	0/0/0	D
Einfärbemittel	Einfärbemittel	NN	neutral	0/0/0	D
Einkünfte	Einkunft	NN	neutral	0/0/0	D
Einstellung	Einstellung	NN	neutral	0.296296/0.37037/0.333333	D
Eintopf	Eintopf	NN	neutral	0/0/0	D
Eintopfgericht	Eintopfgericht	NN	neutral	0/0/0	D
Einziehschacht	Einziehschacht	NN	neutral	0/0/0	D
Elektronenbeschuss	Elektronenbeschuss	NN	neutral	0/0/0	D
Elektroschock-Gürtel	Elektroschock-Gürtel	NN	neutral	0/0/0	D
Elfmeter	Elfmeter	NN	neutral	0/0/0	D
Eltern	Elter	NN	neutral	0.526316/0.315789/0.157895	D
Emotion	Emotion	NN	neutral	0.6/0.2/0.2	D
Empfangsbestätigung	Empfangsbestätigung	NN	neutral	0/0/0	D
Empfindung	Empfindung	NN	neutral	0/0/0	D
Endneigung	Endneigung	NN	neutral	0/0/0	D
Enkelgesellschaft	Enkelgesellschaft	NN	neutral	0/0/0	D
Entstellung	Entstellung	NN	neutral	0/0/0	D
Entwerter	Entwerter	NN	neutral	0/0/0	D
Entwurf	Entwurf	NN	neutral	0/0/0	D
Entwurfsziel	Entwurfsziel	NN	neutral	0/0/0	D
Erfindung	Erfindung	NN	neutral	0.571429/0.142857/0.285714	D
Ergriffenheit	Ergriffenheit	NN	neutral	0/0/0	D
Ergussgestein	Ergussgestein	NN	neutral	0/0/0	D
Erkenntnisbereich	Erkenntnisbereich	NN	neutral	0/0/0	D
Ernährung	Ernährung	NN	neutral	1/0/0	D
Erprobung	Erprobung	NN	neutral	0/0/0	D
Erregung	Erregung	NN	neutral	0/0/0	D
Ersatz	Ersatz	NN	neutral	0.148936/0.446809/0.404255	D
Erwartung	Erwartung	NN	neutral	0.271429/0.457143/0.271429	D
Erwartungswert	Erwartungswert	NN	neutral	0/0/0	D
Erziehungsberechtigte	Erziehungsberechtigte	NN	neutral	0/0/0	D
Erzählung	Erzählung	NN	neutral	0/0/0	D
Europäische	Europäische	NN	neutral	0/0/0	D
Exeget	Exeget	NN	neutral	0/0/0	D
Exegetin	Exegetin	NN	neutral	0/0/0	D
Exemplar	Exemplar	NN	neutral	0.125/0.625/0.25	D
Experiment	Experiment	NN	neutral	0.333333/0.333333/0.333333	D
Expertenkommission	Expertenkommission	NN	neutral	0/0/0	D
Fadenreiniger	Fadenreiniger	NN	neutral	0/0/0	D
Fahrzeugfolge	Fahrzeugfolge	NN	neutral	0/0/0	D
Fakt	Fakt	NN	neutral	0.5/0.5/0	D
Faktum	Faktum	NN	neutral	0.5/0.25/0.25	D
Fall	Fall	NN	neutral	0.343434/0.353535/0.30303	D
Farbe	Farbe	NN	neutral	0.313433/0.328358/0.358209	D
Farbstich	Farbstich	NN	neutral	0/0/0	D
Farbton	Farbton	NN	neutral	0/0/0	D
Farbtongleichheit	Farbtongleichheit	NN	neutral	0/0/0	D
Fechtbruder	Fechtbruder	NN	neutral	0/0/0	D
Federkraft	Federkraft	NN	neutral	0/0/0	D
Feldstärke	Feldstärke	NN	neutral	0/0/0	D
Fensternische	Fensternische	NN	neutral	0/0/0	D
Festung	Festung	NN	neutral	0/0/0	D
Finanzdiplomatie	Finanzdiplomatie	NN	neutral	0/0/0	D
Fixativ	Fixativ	NN	neutral	0/0/0	D
Fixierbad	Fixierbad	NN	neutral	0/0/0	D
Fixierer	Fixierer	NN	neutral	0/0/0	D
Flachspan	Flachspan	NN	neutral	0/0/0	D
Flamme	Flamme	NN	neutral	0.25/0.5/0.25	D
Fleischergeselle	Fleischergeselle	NN	neutral	0/0/0	D
Fleischerhandwerk	Fleischerhandwerk	NN	neutral	0/0/0	D
Flor	Flor	NN	neutral	0/0/1	D
Fluchtburg	Fluchtburg	NN	neutral	0/0/0	D
Fluchtstange	Fluchtstange	NN	neutral	0/0/0	D
Fluglage	Fluglage	NN	neutral	0/0/0	D
Folgerung	Folgerung	NN	neutral	0/0/0	D
Freisetzung	Freisetzung	NN	neutral	0/0/0	D
Fremdatom	Fremdatom	NN	neutral	0/0/0	D
Fremdfinanzierungsgrad	Fremdfinanzierungsgrad	NN	neutral	0/0/0	D
Fußnote	Fußnote	NN	neutral	0/0/0	D
Färbemittel	Färbemittel	NN	neutral	0/0/0	D
Färberröte	Färberröte	NN	neutral	0/0/0	D
Färberöte	Färberöte	NN	neutral	0/0/0	D
Garndrehung	Garndrehung	NN	neutral	0/0/0	D
Gartenfuchsschwanz	Gartenfuchsschwanz	NN	neutral	0/0/0	D
Geblüt	Geblüt	NN	neutral	0/0/0	D
Gebot	Gebot	NN	neutral	0/0/0	D
Gebärdenspiel	Gebärdenspiel	NN	neutral	0/0/0	D
Gedanke	Gedanke	NN	neutral	0.785714/0.214286/0	D
Gedankenstrich	Gedankenstrich	NN	neutral	0/0/0	D
Gegebenheit	Gegebenheit	NN	neutral	0.5/0/0.5	D
Geistesart	Geistesart	NN	neutral	0/0/0	D
Geisteshaltung	Geisteshaltung	NN	neutral	0/0/0	D
Gemütsart	Gemütsart	NN	neutral	0/0/0	D
Gemütsverfassung	Gemütsverfassung	NN	neutral	0/0/0	D
Gericht	Gericht	NN	neutral	1/0/0	D
Gerichtsentscheidung	Gerichtsentscheidung	NN	neutral	0/0/0	D
Gerichtshof	Gerichtshof	NN	neutral	0/0/0	D
Gerichtsurteil	Gerichtsurteil	NN	neutral	0/0/0	D
Geschichte	Geschichte	NN	neutral	0.478261/0.217391/0.304348	D
Geschmack	Geschmack	NN	neutral	0.292135/0.47191/0.235955	D
Geschmacksrichtung	Geschmacksrichtung	NN	neutral	1/0/0	D
Geschwindigkeit	Geschwindigkeit	NN	neutral	0.48/0.28/0.24	D
Gesetze	Gesetz	NN	neutral	0/0/1	D
Gesichtswinkel	Gesichtswinkel	NN	neutral	0/0/0	D
Gewicht	Gewicht	NN	neutral	0.434783/0.369565/0.195652	D
Gewissen	Gewisse	NN	neutral	0.625/0.25/0.125	D
Gewohnheits	Gewohnheit	NE	neutral	0/0/0	D
Gewächshaus	Gewächshaus	NN	neutral	0/0/0	D
Ghettoblaster	Ghettoblaster	NE	neutral	0/0/0	D
Gießbach	Gießbach	NN	neutral	0/0/0	D
Gittervorspannung	Gittervorspannung	NN	neutral	0/0/0	D
Glauben	Glaube	NN	neutral	0/1/0	D
Gleisner	Gleisner	NE	neutral	0/0/0	D
Gott	Gott	NN	neutral	0.214286/0.642857/0.142857	D
Gottes	Gott	NN	neutral	0.214286/0.642857/0.142857	D
Gottesdienst	Gottesdienst	NN	neutral	0/0/0	D
Grabung	Grabung	NN	neutral	0/0/0	D
Grannenhaar	Grannenhaar	NN	neutral	0/0/0	D
Griffigkeit	Griffigkeit	NN	neutral	0/0/1	D
Großsprecher	Großsprecher	NN	neutral	0/0/0	D
Großunternehmen	Großunternehmen	NN	neutral	0/0/0	D
Grund	Grund	NN	neutral	0.154472/0.642276/0.203252	D
Grundaufbau	Grundaufbau	NN	neutral	0/0/0	D
Grundschaltung	Grundschaltung	NN	neutral	0/0/0	D
Gruppe	Gruppe	NN	neutral	0.181818/0.636364/0.181818	D
Gummisauger	Gummisauger	NN	neutral	0/0/0	D
Guss	Guß	NN	neutral	0.857143/0/0.142857	D
Gärung	Gärung	NN	neutral	0/0/0	D
Hafen	Hafen	NN	neutral	0/0/0	D
Haltung	Haltung	NN	neutral	0.4/0.2/0.4	D
Handhabung	Handhabung	NN	neutral	0.405797/0.318841/0.275362	D
Handreichung	Handreichung	NN	neutral	0/0/0	D
Haptik	Haptik	NN	neutral	0.2/0.6/0.2	D
Hartmatte	Hartmatte	NE	neutral	0/0/0	D
Hartmetall	Hartmetall	NN	neutral	0/0/0	D
Hauch	Hauch	NN	neutral	0.333333/0.666667/0	D
Haupt	Haupt	NN	neutral	0.25/0.75/0	D
Hauptwort	Hauptwort	NN	neutral	0/0/0	D
Hefebrötchen	Hefebrötchen	NN	neutral	0/0/0	D
Herold	Herold	NN	neutral	0/0/0	D
Himmelskörper	Himmelskörper	NN	neutral	0/0/0	D
Hinweis	Hinweis	NN	neutral	0.275862/0.551724/0.172414	D
Hitze	Hitze	NN	neutral	0.142857/0.285714/0.571429	D
Hochdruck	Hochdruck	NN	neutral	0/0/0	D
Hochschaubahn	Hochschaubahn	NN	neutral	0/0/0	D
Hochsitz	Hochsitz	NN	neutral	0/0/0	D
Holzpantoffel	Holzpantoffel	NN	neutral	0/0/0	D
Horstbildung	Horstbildung	NN	neutral	0/0/0	D
Hotelzimmer	Hotelzimmer	NN	neutral	0/0/0	D
Hypothese	Hypothese	NN	neutral	0/0/0	D
Hämatokritwert	Hämatokritwert	NN	neutral	0/0/0	D
Höhenleitwerk	Höhenleitwerk	NN	neutral	0/0/0	D
Hügel	Hügel	NN	neutral	0/0/0	D
Hüne	Hüne	NN	neutral	0/0/0	D
Hünengestalt	Hünengestalt	NN	neutral	0/0/0	D
Inanspruchnahme	Inanspruchnahme	NN	neutral	0/0/1	D
Inbegriff	Inbegriff	NN	neutral	1/0/0	D
Inhibit-Draht	Inhibit-Draht	NN	neutral	0/0/0	D
Insel	Insel	NN	neutral	0.666667/0/0.333333	D
Instrumententafel	Instrumententafel	NN	neutral	0/0/0	D
Intention	Intention	NN	neutral	0/1/0	D
Isotopenhäufigkeit	Isotopenhäufigkeit	NN	neutral	0/0/0	D
Jagdfauna	Jagdfauna	NN	neutral	0/0/0	D
Jahresabschluss	Jahresabschluß	NN	neutral	0/0/0	D
Johanniskraut	Johanniskraut	NE	neutral	0/0/0	D
Kanalkühlofen	Kanalkühlofen	NN	neutral	0/0/0	D
Kaufmann-Abderhalden-De	Kaufmann-Abderhalden-De	NN	neutral	0/0/0	D
Kehrschaufel	Kehrschaufel	NN	neutral	0/0/0	D
Kerl	Kerl	NN	neutral	0/1/0	D
Kirchengesang	Kirchengesang	NN	neutral	0/0/0	D
Klausurtagung	Klausurtagung	NN	neutral	0/0/0	D
Kleinbildkamera	Kleinbildkamera	NN	neutral	1/0/0	D
Kleinkind	Kleinkind	NN	neutral	0.166667/0.5/0.333333	D
Kleinstkind	Kleinstkind	NN	neutral	0/0/0	D
Knabe	Knabe	NN	neutral	0/0/0	D
Koaxialkabel	Koaxialkabel	NN	neutral	0/0/0	D
Kohldampf	Kohldampf	NN	neutral	0/0/0	D
Koje	Koje	NN	neutral	0/0/0	D
Kollerstoff	Kollerstoff	NN	neutral	0/0/0	D
Konfektions	Konfektions	NN	neutral	0/0/0	D
Konfitüre	Konfitüre	NN	neutral	0/0/0	D
Konjektur	Konjektur	NN	neutral	0/0/0	D
Konservenglas	Konservenglas	NN	neutral	0/0/0	D
Kontakt	Kontakt	NN	neutral	0.205882/0.588235/0.205882	D
Konzernumlagen	Konzernumlage	NN	neutral	0/0/0	D
Krebs	Krebs	NN	neutral	0/0/0	D
Kreisen	Kreis	NN	neutral	0/1/0	D
Kriegsdienstverweigerung	Kriegsdienstverweigerung	NN	neutral	0/0/0	D
Krokant	Krokant	NN	neutral	0/0/0	D
Kundgebung	Kundgebung	NN	neutral	0/0/0	D
Köpfchenkräusel	Köpfchenkräusel	NN	neutral	0/0/0	D
Körperhaltung	Körperhaltung	NN	neutral	1/0/0	D
Kühlbahn	Kühlbahn	NN	neutral	0/0/0	D
Kühlofen	Kühlofen	NN	neutral	0/0/0	D
Kürbis	Kürbis	NN	neutral	1/0/0	D
Kürbispflanze	Kürbispflanze	NN	neutral	0/0/0	D
Lecherleitung	Lecherleitung	NE	neutral	0/0/0	D
Lehrbetrieb	Lehrbetrieb	NN	neutral	0/0/0	D
Lehrvortrag	Lehrvortrag	NN	neutral	0/0/0	D
Letalkonzentration	Letalkonzentration	NN	neutral	0/0/0	D
Längsmesser	Längsmesser	NN	neutral	0/0/0	D
Maat	Maat	NN	neutral	0/0/0	D
Mama	Mama	NN	neutral	0.5/0.5/0	D
Mantra	Mantra	NN	neutral	0/0/0	D
Manöver	Manöver	NN	neutral	0/0/0	D
Markenrecht	Markenrecht	NN	neutral	0/0/0	D
Markterholung	Markterholung	NN	neutral	0/0/0	D
Masse	Masse	NN	neutral	0.230769/0.615385/0.153846	D
Maximum-Likelihood-Schätzung	Maximum-Likelihood-Schätzung	NN	neutral	0/0/0	D
Maßstab	Maßstab	NN	neutral	0.2/0.2/0.6	D
Meinung	Meinung	NN	neutral	0.287671/0.465753/0.246575	D
Meinungen	Meinung	NN	neutral	0.287671/0.465753/0.246575	D
Menge	Menge	NN	neutral	0.389831/0.322034/0.288136	D
Menschengeschlecht	Menschengeschlecht	NN	neutral	0/0/0	D
Merkmal	Merkmal	NN	neutral	0.25/0.5/0.25	D
Methode	Methode	NN	neutral	0.333333/0.333333/0.333333	D
Minister	Minister	NN	neutral	0/0/0	D
Ministerpräsident	Ministerpräsident	NN	neutral	0/0/0	D
Ministerpräsidentin	Ministerpräsidentin	NN	neutral	0/0/0	D
Mittagsschlaf	Mittagsschlaf	NN	neutral	0/0/0	D
Mittel	Mittel	NN	neutral	0.5/0.166667/0.333333	D
Mitwirkende	Mitwirkende	NN	neutral	0/0/0	D
Mond	Mond	NN	neutral	0/1/0	D
Most	Most	NN	neutral	0.5/0/0.5	D
Motiv	Motiv	NN	neutral	1/0/0	D
Muttermund	Muttermund	NN	neutral	0/0/0	D
März	März	NN	neutral	0/0.75/0.25	D
Nachleuchten	Nachleuchten	NN	neutral	0/0/0	D
Nahpunkt	Nahpunkt	NN	neutral	0/0/0	D
Nahrung	Nahrung	NN	neutral	0/0.5/0.5	D
Nationalismus	Nationalismus	NN	neutral	0/0/0	D
Nebenfluss	Nebenfluß	NN	neutral	0/0/0	D
Nesselzelle	Nesselzelle	NN	neutral	0/0/0	D
Netzhaftmittel	Netzhaftmittel	NN	neutral	0/0/0	D
Nickerchen	Nickerchen	NN	neutral	0/0/0	D
Normalkorn	Normalkorn	NN	neutral	0/0/0	D
Nuance	Nuance	NN	neutral	0/1/0	D
Nutzladung	Nutzladung	NN	neutral	0/0/0	D
OH-Form	OH-Form	NN	neutral	0/0/0	D
OH-Gruppe	OH-Gruppe	NN	neutral	0/0/0	D
Oberflächenansammlung	Oberflächenansammlung	NN	neutral	0/0/0	D
Offenstall	Offenstall	NN	neutral	0/0/0	D
Oktopus	Oktopus	NN	neutral	0/0/0	D
Oldtimer-Ausstellung	Oldtimer-Ausstellung	NN	neutral	0/0/0	D
Originalmaßstab	Originalmaßstab	NN	neutral	0/0/0	D
Orthodoxie	Orthodoxie	NN	neutral	0/0/0	D
Parteianhänger	Parteianhänger	NN	neutral	0/0/0	D
Parteigänger	Parteigänger	NN	neutral	0/0/0	D
Patt	Patt	NN	neutral	0/0/0	D
Pattsituation	Pattsituation	NN	neutral	0/0/0	D
Peilung	Peilung	NN	neutral	0/0/0	D
Peripheriegerät	Peripheriegerät	NN	neutral	0/0/0	D
Personality-Job-Fit-Theorie	Personality-Job-Fit-Theorie	NN	neutral	0/0/0	D
Plan	Plan	NN	neutral	0/1/0	D
Plenar	Plenar	NN	neutral	0/0/0	D
Plusquamperfekt	Plusquamperfekt	NN	neutral	0/0/0	D
Plädoyer	Plädoyer	NN	neutral	0/0/0	D
Politik	Politik	NN	neutral	0.5/0.25/0.25	D
Posaune	Posaune	NN	neutral	0/0/0	D
Positur	Positur	NN	neutral	0/0/0	D
Presse	Presse	NN	neutral	0.3/0.5/0.2	D
Probe	Probe	NN	neutral	0/0.6/0.4	D
Prophezeiung	Prophezeiung	NN	neutral	0/0/0	D
Präsenzhandelsform	Präsenzhandelsform	NN	neutral	0/0/0	D
Präteritum	Präteritum	NN	neutral	0/0/0	D
Prüfung	Prüfung	NN	neutral	0.333333/0.333333/0.333333	D
Raffination	Raffination	NN	neutral	0/0/0	D
Raute	Raute	NN	neutral	0/0/0	D
Reaktionskräfte	Reaktionskraft	NN	neutral	0/0/0	D
Realien	Realien	NN	neutral	0/0/0	D
Redensart	Redensart	NN	neutral	0/0/0	D
Regeneratgummi	Regeneratgummi	NN	neutral	0/0/0	D
Reibungselektrizität	Reibungselektrizität	NN	neutral	0/0/0	D
Reifen	Reif	NN	neutral	0.428571/0.357143/0.214286	D
Rhetorik	Rhetorik	NN	neutral	0/0/0	D
Richard	Richard	NE	neutral	1/0/0	D
Richterspruch	Richterspruch	NN	neutral	0/0/0	D
Richtlinien	Richtlinie	NN	neutral	0/0/0	D
Richtung	Richtung	NN	neutral	0.241379/0.448276/0.310345	D
Rohboden	Rohboden	NN	neutral	0/0/0	D
Röstbrot	Röstbrot	NE	neutral	0/0/0	D
Sachkonto	Sachkonto	NN	neutral	0/0/0	D
Sachverhalt	Sachverhalt	NN	neutral	0/0/0	D
Sandvorspülung	Sandvorspülung	NN	neutral	0/0/0	D
Schallfänger	Schallfänger	NN	neutral	0/0/0	D
Schalltrichter	Schalltrichter	NN	neutral	0/0/0	D
Schaltpunkt	Schaltpunkt	NN	neutral	0/0/0	D
Schanze	Schanze	NN	neutral	0/0/0	D
Schild	Schild	NN	neutral	0/0/1	D
Schlüsselstelle	Schlüsselstelle	NN	neutral	0/0/0	D
Seegras	Seegras	NN	neutral	0/0/0	D
Sein	Sein	NN	neutral	0.289392/0.465159/0.24545	D
Sendung	Sendung	NN	neutral	0/0.833333/0.166667	D
Soll-Wert	Soll-Wert	NN	neutral	0/0/0	D
Sparkasse	Sparkasse	NN	neutral	0/0/0	D
Spaten	Spaten	NN	neutral	0/0/0	D
Spedition	Spedition	NN	neutral	0.571429/0/0.428571	D
Spekulation	Spekulation	NN	neutral	0/1/0	D
Spiel	Spiel	NN	neutral	0.4375/0.375/0.1875	D
Spielzeug	Spielzeug	NN	neutral	0.0588235/0.647059/0.294118	D
Stationsvorsteher	Stationsvorsteher	NN	neutral	0/0/0	D
Stichelhaar	Stichelhaar	NN	neutral	0/0/0	D
Stola	Stola	NN	neutral	0/0/0	D
Strahldichte	Strahldichte	NN	neutral	0/0/0	D
Strahlung	Strahlung	NN	neutral	1/0/0	D
Tatsache	Tatsache	NN	neutral	0.1875/0.4375/0.375	D
Testament	Testament	NN	neutral	0/0/0	D
Toastbrot	Toastbrot	NN	neutral	1/0/0	D
Trickfilm	Trickfilm	NN	neutral	0/0/0	D
Typ	Typ	NN	neutral	0/0.777778/0.222222	D
Umschaltfreigabe	Umschaltfreigabe	NN	neutral	0/0/0	D
Umwelteinstellungen	Umwelteinstellung	NN	neutral	0/0/0	D
Unermesslichkeit	Unermeßlichkeit	NN	neutral	0/0/0	D
Untersuchung	Untersuchung	NN	neutral	0/1/0	D
Vegetationsaufnahmen	Vegetationsaufnahme	NN	neutral	0/0/0	D
Verarbeitung	Verarbeitung	NN	neutral	0.302439/0.453659/0.243902	D
Verbindung	Verbindung	NN	neutral	0.234043/0.638298/0.12766	D
Verbindungen	Verbindung	NN	neutral	0.234043/0.638298/0.12766	D
Verkehrsberuhigung	Verkehrsberuhigung	NN	neutral	0/0/0	D
Vermutung	Vermutung	NN	neutral	0/0.666667/0.333333	D
Verschanzung	Verschanzung	NN	neutral	0/0/0	D
Verwandtschaft	Verwandtschaft	NN	neutral	0/0/0	D
Volllast	Volllast	NN	neutral	0/1/0	D
Volllastanreicherung	Volllastanreicherung	NN	neutral	0/0/0	D
Vorahnung	Vorahnung	NN	neutral	0/0/0	D
Vorspiegelung	Vorspiegelung	NN	neutral	0/0/0	D
Vorstellung	Vorstellung	NN	neutral	0.333333/0.5/0.166667	D
Vorvergangenheit	Vorvergangenheit	NN	neutral	0/0/0	D
Väter	Vater	NN	neutral	0.5/0.25/0.25	D
Wahlimpulse	Wahlimpuls	NN	neutral	0/0/0	D
Wahlprüfung	Wahlprüfung	NN	neutral	0/0/0	D
Wahrscheinlichkeit	Wahrscheinlichkeit	NN	neutral	0/0.5/0.5	D
Waschtisch	Waschtisch	NN	neutral	0/0/0	D
Wehrdienstverweigerung	Wehrdienstverweigerung	NN	neutral	0/0/0	D
Weib	Weib	NN	neutral	0/0/0	D
Weinraute	Weinraute	NN	neutral	0/0/0	D
Welle	Welle	NN	neutral	0/0.666667/0.333333	D
Wettbewerb	Wettbewerb	NN	neutral	0/1/0	D
Zettel	Zettel	NN	neutral	0/1/0	D
Zollpräferenzen	Zollpräferenz	NN	neutral	0/0/0	D
Zweimaster	Zweimaster	NN	neutral	0/0/0	D
Züchtung	Züchtung	NN	neutral	0/0/0	D
ab-	ab-	VV	neutral	0/0/0	D
aber	aber	KO	neutral	0.251292/0.469234/0.279474	D
abgetastet	abtasten	VV	neutral	0/0/0	D
abklären	abklären	VV	neutral	0/0/0	D
ablauschen	ablauschen	VV	neutral	0/0/0	D
ableiten	ableiten	VV	neutral	0.333333/0.333333/0.333333	D
ableitend	ableitend	AD	neutral	0/0/0	D
abschätzen	abschätzen	VV	neutral	1/0/0	D
absehen	absehen	VV	neutral	0.103448/0.586207/0.310345	D
absichtlich	absichtlich	AD	neutral	0/1/0	D
absorbiert	absorbieren	VV	neutral	0/0/0	D
abwägen	abwägen	VV	neutral	0/0/0	D
additiv	additiv	AD	neutral	0/0/0	D
aha	aha	VV	neutral	0.5/0.25/0.25	D
akzentuieren	akzentuieren	VV	neutral	1/0/0	D
akzentuierte	akzentuieren	VV	neutral	1/0/0	D
allegorisieren	allegorisieren	VV	neutral	0/0/0	D
allegorisierte	allegorisieren	VV	neutral	0/0/0	D
allenfalls	allenfalls	AD	neutral	0.1/0.8/0.1	D
aller	alle	PI	neutral	0.377457/0.395806/0.226737	D
allerdings	allerdings	AD	neutral	0.228261/0.42663/0.345109	D
allermeist	allermeist	AD	neutral	0/0/0	D
alles	alle	PI	neutral	0.377457/0.395806/0.226737	D
allgemein	allgemein	AD	neutral	0.269231/0.5/0.230769	D
alltäglich	alltäglich	AD	neutral	0/1/0	D
allwissend	allwissend	AD	neutral	0/0/0	D
allzu	allzu	PT	neutral	0.357143/0.571429/0.0714286	D
alsbaldig	alsbaldig	AD	neutral	0/0/0	D
analytisch	analytisch	AD	neutral	0/0/0	D
anbelangend	anbelangend	AD	neutral	0/0/0	D
anbot	anbieten	VV	neutral	0.1875/0.5625/0.25	D
andauernd	andauernd	AD	neutral	0/1/0	D
andenken	andenken	VV	neutral	0/1/0	D
andernfalls	andernfalls	AD	neutral	0/0/0	D
anders	anders	NN	neutral	0.294737/0.421053/0.284211	D
anfänglich	anfänglich	AD	neutral	0.25/0.416667/0.333333	D
angeboren	angeboren	AD	neutral	0/0/0	D
angehender	angehend	AD	neutral	0/0/0	D
angelegentlich	angelegentlich	VV	neutral	0/0/0	D
angewiesen	anweisen	VV	neutral	0/0.75/0.25	D
angezündet	anzünden	VV	neutral	0/0/0	D
anhaftend	anhaftend	AD	neutral	0/0/0	D
anmuten	anmuten	VV	neutral	0/0/0	D
anrollen	anrollen	VV	neutral	0/0/0	D
ansaugen	ansaugen	VV	neutral	1/0/0	D
anscheinend	anscheinend	AD	neutral	0.125/0.5625/0.3125	D
ansetzen	ansetzen	VV	neutral	0.333333/0.333333/0.333333	D
antasten	antasten	VV	neutral	0/0/0	D
anteilmäßig	anteilmäßig	AD	neutral	0/0/0	D
anwachsend	anwachsend	AD	neutral	0/0/0	D
anzeigend	anzeigend	AD	neutral	0/0/0	D
arbeiten	arbeiten	VV	neutral	0.397727/0.375/0.227273	D
astronomisch	astronomisch	AD	neutral	0/0/1	D
astronomische	astronomisch	XY	neutral	0/0/1	D
astronomisches	astronomisch	XY	neutral	0/0/1	D
auch	auch	KO	neutral	0.318928/0.434745/0.246327	D
auffassen	auffassen	VV	neutral	0/0/0	D
aufgefangen	auffangen	VV	neutral	0/0/1	D
aufgesaugt	aufsaugen	VV	neutral	0/1/0	D
aufladen	aufladen	VV	neutral	0.36/0.44/0.2	D
auflesen	auflesen	VV	neutral	0/0/0	D
aufsuchen	aufsuchen	VV	neutral	0/1/0	D
augenfällig	augenfällig	AD	neutral	0/0/0	D
augenscheinlich	augenscheinlich	AD	neutral	0.5/0/0.5	D
ausgearbeitet	ausarbeiten	VV	neutral	0/0/0	D
ausgedehnt	ausgedehnt	AD	neutral	0/0/0	D
ausgesprochen	aussprechen	VV	neutral	0.75/0.125/0.125	D
ausgestopft	ausstopfen	VV	neutral	0/0/0	D
ausgesucht	aussuchen	VV	neutral	0.444444/0.333333/0.222222	D
ausgießen	ausgießen	VV	neutral	0.375/0.5/0.125	D
aushärten	aushärten	VV	neutral	0/0/0	D
ausmalen	ausmalen	VV	neutral	0/1/0	D
ausprobieren	ausprobieren	VV	neutral	0.377358/0.45283/0.169811	D
ausrufen	ausrufen	VV	neutral	0/0/0	D
ausschlaggebend	ausschlaggebend	AD	neutral	0.5/0.5/0	D
ausschließlich	ausschließlich	AD	neutral	0.125/0.4375/0.4375	D
aussehend	aussehend	AD	neutral	0/1/0	D
außer	außer	AP	neutral	0.203125/0.5625/0.234375	D
außerdem	außerdem	PR	neutral	0.273292/0.465839/0.26087	D
backen	backen	VV	neutral	0.371429/0.4/0.228571	D
beabsichtigen	beabsichtigen	VV	neutral	0/1/0	D
beabsichtigte	beabsichtigen	VV	neutral	0/1/0	D
beanspruchen	beanspruchen	VV	neutral	0/0.666667/0.333333	D
beanspruchte	beanspruchen	VV	neutral	0/0.666667/0.333333	D
bedingungslos	bedingungslos	AD	neutral	1/0/0	D
befinden	befinden	VV	neutral	0.410256/0.487179/0.102564	D
begegnete	begegnen	VV	neutral	0.666667/0.333333/0	D
begierig	begierig	AD	neutral	0/0/0	D
beglaubigt	beglaubigen	VV	neutral	0/0/0	D
begreifen	begreifen	VV	neutral	0/1/0	D
begriff	begreifen	VV	neutral	0/1/0	D
beherrschend	beherrschend	AD	neutral	0/0/0	D
belang	belangen	VV	neutral	0/0/0	D
belange	belangen	VV	neutral	0/0/0	D
benötigen	benötigen	VV	neutral	0.40625/0.34375/0.25	D
berechenbar	berechenbar	AD	neutral	0/0/0	D
bereitete	bereiten	VV	neutral	0.588235/0.235294/0.176471	D
berichtigend	berichtigend	AD	neutral	0/0/0	D
beschauen	beschauen	VV	neutral	0/0/0	D
beschaute	beschauen	VV	neutral	0/0/0	D
bescheinigt	bescheinigen	VV	neutral	0/0/0	D
beschließen	beschließen	VV	neutral	0/1/0	D
beschloss	beschließen	VV	neutral	0/1/0	D
besinnlich	besinnlich	AD	neutral	0.5/0/0.5	D
bestandsbezogen	bestandsbezogen	VV	neutral	0/0/0	D
bestimmt	bestimmt	AD	neutral	0.233333/0.4/0.366667	D
betete	beten	VV	neutral	0/0/1	D
betreffend	betreffend	AD	neutral	0/1/0	D
bezeichnend	bezeichnend	AD	neutral	0/0/0	D
beziehungsweise	beziehungsweise	KO	neutral	0.196203/0.487342/0.316456	D
bieten	bieten	VV	neutral	0.329897/0.43299/0.237113	D
billigermaßen	billigermaßen	AD	neutral	0/0/0	D
billigerweise	billigerweise	AD	neutral	0/0/0	D
billigte	billigen	AD	neutral	0.535714/0.428571/0.0357143	D
bindend	bindend	AD	neutral	0/0/0	D
bisher	bisher	AD	neutral	0.418367/0.397959/0.183673	D
bitte	bitten	VV	neutral	0.210526/0.684211/0.105263	D
bißchen	bißchen	PI	neutral	0.294872/0.410256/0.294872	D
blasen	blasen	VV	neutral	0.222222/0.555556/0.222222	D
bringen	bringen	VV	neutral	0.244186/0.546512/0.209302	D
brutto	brutto	AD	neutral	0/0/0	D
charakteristisch	charakteristisch	AD	neutral	0/1/0	D
dadurch	dadurch	PR	neutral	0.287129/0.435644/0.277228	D
dahin	dahin	PT	neutral	0.166667/0.666667/0.166667	D
damit	damit	PR	neutral	0.288/0.458667/0.253333	D
dargelegt	darlegen	VV	neutral	0/0/0	D
darlegen	darlegen	VV	neutral	0/0/0	D
darum	darum	AD	neutral	0.555556/0.277778/0.166667	D
darüber	darüber	PT	neutral	0.277778/0.555556/0.166667	D
dazu	dazu	PT	neutral	0.377451/0.436275/0.186275	D
demzufolge	demzufolge	VV	neutral	0/0/1	D
denken	denken	VV	neutral	0.245283/0.462264/0.292453	D
denkend	denkend	AD	neutral	0/0/0	D
dennoch	dennoch	KO	neutral	0.382022/0.337079/0.280899	D
der	der	PD	neutral	0.281173/0.473879/0.244948	D
derart	derart	AD	neutral	0.0625/0.6875/0.25	D
derartig	derartig	AD	neutral	0/1/0	D
derb	derb	AD	neutral	0.333333/0.333333/0.333333	D
dergleichen	dergleicher	PI	neutral	0/0.5/0.5	D
derzeitig	derzeitig	AD	neutral	0.5/0/0.5	D
desgleichen	desgleichen	AD	neutral	0/0/0	D
deutete	deuten	VV	neutral	0/1/0	D
dicht	dicht	AD	neutral	0.428571/0.238095/0.333333	D
dickwandig	dickwandig	AD	neutral	0/0/0	D
direkt	direkt	AD	neutral	0.277778/0.444444/0.277778	D
dominierend	dominierend	AD	neutral	0/0/0	D
dreh	drehen	AD	neutral	0.346939/0.408163/0.244898	D
druckspitzenfreies	druckspitzenfreies	AD	neutral	0/0/0	D
durch	durch	PT	neutral	0.352217/0.41133/0.236453	D
durchaus	durchaus	AD	neutral	0.274194/0.387097/0.33871	D
durchdringend	durchdringend	AD	neutral	0/0/0	D
durchscheinen	durchscheinen	VV	neutral	0/0/1	D
durchscheinend	durchscheinend	AD	neutral	0/0/0	D
durchsichtig	durchsichtig	AD	neutral	0.2/0.8/0	D
dünken	dünken	VV	neutral	0/0/0	D
dünkte	dünken	VV	neutral	0/0/0	D
dünn	dünn	AD	neutral	0.215686/0.529412/0.254902	D
dürfen	dürfen	VM	neutral	0.247706/0.513761/0.238532	D
ebenfalls	ebenfalls	AD	neutral	0.355556/0.4/0.244444	D
ebenso	ebenso	AD	neutral	0.5/0.36/0.14	D
egal	egal	AD	neutral	0.293103/0.517241/0.189655	D
egalitär	egalitär	AD	neutral	0/0/0	D
eh	eh	AD	neutral	0.27027/0.432432/0.297297	D
eher	eher	AD	neutral	0.218605/0.47907/0.302326	D
eigen	eigen	AD	neutral	0.325301/0.433735/0.240964	D
eigens	eigens	AD	neutral	0/0/0	D
eigentlich	eigentlich	AD	neutral	0.202279/0.512821/0.2849	D
eilig	eilig	AD	neutral	0/1/0	D
einfallen	einfallen	VV	neutral	0.166667/0.5/0.333333	D
einförmig	einförmig	AD	neutral	0/0/1	D
eingeschlossen	einschließen	VV	neutral	1/0/0	D
einschneidend	einschneidend	AD	neutral	0/0/0	D
einzeln	einzeln	AD	neutral	0.372549/0.372549/0.254902	D
elementar	elementar	AD	neutral	0/1/0	D
emotionsgeladen	emotionsgeladen	AD	neutral	0/0/0	D
empfindlich	empfindlich	AD	neutral	0.318182/0.318182/0.363636	D
endgültig	endgültig	AD	neutral	0.111111/0.888889/0	D
enthüllend	enthüllend	AD	neutral	0/0/0	D
entspiegelt	entspiegeln	VV	neutral	0/1/0	D
entsprechend	entsprechen	VV	neutral	0.229508/0.442623/0.327869	D
er	ich	XY	neutral	0.290617/0.476612/0.232771	D
ergehen	ergehen	VV	neutral	0/0.75/0.25	D
erkannte	erkennen	VV	neutral	0.245614/0.520468/0.233918	D
erkennen	erkennen	VV	neutral	0.245614/0.520468/0.233918	D
erneuerbar	erneuerbar	VV	neutral	0/0/0	D
erneuerungsfähig	erneuerungsfähig	AD	neutral	0/0/0	D
ersann	ersinnen	AD	neutral	0/0/0	D
ersichtlich	ersichtlich	AD	neutral	0.166667/0.666667/0.166667	D
ersinnen	ersinnen	VV	neutral	0/0/0	D
erst	erst	NN	neutral	0.278519/0.491852/0.22963	D
erwarten	erwarten	VV	neutral	0.185965/0.529825/0.284211	D
erweiterbar	erweiterbar	VV	neutral	1/0/0	D
etwa	etwa	AD	neutral	0.283582/0.522388/0.19403	D
etwas	etwas	PI	neutral	0.336149/0.369932/0.293919	D
eventuell	eventuell	AD	neutral	0.2/0.6/0.2	D
fahrend	fahrend	AD	neutral	0/0/0	D
faktisch	faktisch	AD	neutral	0/0/0	D
farbecht	farbecht	AD	neutral	0/1/0	D
fasste	fassen	VV	neutral	0.26087/0.478261/0.26087	D
fasten	fasten	VV	neutral	0/0/0	D
fehlerbehebend	fehlerbehebend	VV	neutral	0/0/0	D
ferner	fern	AD	neutral	0.4/0.4/0.2	D
fest	fest	AD	neutral	0.247059/0.388235/0.364706	D
feststellen	feststellen	VV	neutral	0.216216/0.54955/0.234234	D
finanziell	finanziell	AD	neutral	0/1/0	D
finanzielle	finanziell	AD	neutral	0/1/0	D
finanziert	finanzieren	VV	neutral	0/0.5/0.5	D
finden	finden	VV	neutral	0.347328/0.385496/0.267176	D
fix	fix	AD	neutral	0.454545/0.272727/0.272727	D
fixieren	fixieren	VV	neutral	0.333333/0.25/0.416667	D
fixierte	fixieren	VV	neutral	0.333333/0.25/0.416667	D
folglich	folglich	AD	neutral	0/0.5/0.5	D
freiheraus	freiheraus	AD	neutral	0/0/0	D
freilich	freilich	AD	neutral	0/0.5/0.5	D
freiwerdend	freiwerdend	AD	neutral	0/0/0	D
fundamental	fundamental	AD	neutral	0.5/0.5/0	D
fundiert	fundieren	VV	neutral	0/0/0	D
für	für	AP	neutral	0.326321/0.416111/0.257568	D
gab	geben	VV	neutral	0.28125/0.450284/0.268466	D
galvanisieren	galvanisieren	VV	neutral	0/0/0	D
galvanisierte	galvanisieren	VV	neutral	0/0/0	D
ganz	ganz	AD	neutral	0.273134/0.437313/0.289552	D
ganze	ganz	AD	neutral	0.273134/0.437313/0.289552	D
ganzrandig	ganzrandig	XY	neutral	0/0/0	D
gefeit	gefeit	AD	neutral	0/0/0	D
gegebenenfalls	gegebenenfalls	AD	neutral	0/0/0	D
gegenüber	gegenüber	PT	neutral	0.423077/0.230769/0.346154	D
gegenüberstehend	gegenüberstehend	AD	neutral	0/0/0	D
geheim	geheim	AD	neutral	0/0/0	D
geheimnisvoll	geheimnisvoll	AD	neutral	0/0/0	D
gelegentlich	gelegentlich	AD	neutral	0.347826/0.391304/0.26087	D
gellend	gellend	AD	neutral	0/0/0	D
geläufig	geläufig	AD	neutral	0/0/0	D
gerade	gerade	AD	neutral	0.244444/0.488889/0.266667	D
geradeheraus	geradeheraus	VV	neutral	0/0/0	D
geradezu	geradezu	AD	neutral	0.285714/0.428571/0.285714	D
gerichtliche	gerichtlich	VV	neutral	0/0/0	D
geruhend	geruhend	AD	neutral	0/0/0	D
geräuscharm	geräuscharm	AD	neutral	1/0/0	D
gesamt	gesamt	AD	neutral	0.236842/0.526316/0.236842	D
gespannt	spannen	VV	neutral	0.142857/0.571429/0.285714	D
gewahr	gewahr	AD	neutral	0/0/0	D
gewissermaßen	gewissermaßen	AD	neutral	0/0/0	D
gewöhnlich	gewöhnlich	AD	neutral	0/0.666667/0.333333	D
gewöhnlicher	gewöhnlich	AD	neutral	0/0.666667/0.333333	D
ging	gehen	VV	neutral	0.284375/0.496875/0.21875	D
glauben	glauben	VV	neutral	0.303797/0.556962/0.139241	D
glaubte	glauben	VV	neutral	0.303797/0.556962/0.139241	D
gleich	gleich	AD	neutral	0.247549/0.566176/0.186275	D
gleichartig	gleichartig	AD	neutral	0/0/1	D
gleichbedeutend	gleichbedeutend	AD	neutral	0/1/0	D
gleichförmig	gleichförmig	AD	neutral	0/1/0	D
gleichwohl	gleichwohl	AD	neutral	0/0/0	D
glimmen	glimmen	VV	neutral	0/0/0	D
griff	greifen	NN	neutral	0.21875/0.40625/0.375	D
großangelegt	großangelegt	AD	neutral	0/0/0	D
großflächig	großflächig	AD	neutral	0/1/0	D
größtenteils	größtenteils	AD	neutral	0.125/0.5/0.375	D
grübeln	grübeln	VV	neutral	1/0/0	D
grübelte	grübeln	AD	neutral	1/0/0	D
gängig	gängig	AD	neutral	0/0.5/0.5	D
gänzlich	gänzlich	AD	neutral	0/0.8/0.2	D
halb	halb	AD	neutral	0.173333/0.586667/0.24	D
halbwegs	halbwegs	AD	neutral	0.0588235/0.705882/0.235294	D
harmlos	harmlos	AD	neutral	0/1/0	D
hautnah	hautnah	AD	neutral	0/0/0	D
her	her	PT	neutral	0.313043/0.4/0.286957	D
hinsichtlich	hinsichtlich	AP	neutral	0.333333/0.444444/0.222222	D
hinterfragen	hinterfragen	VV	neutral	0/0/0	D
hinterfragte	hinterfragen	VV	neutral	0/0/0	D
hinweisend	hinweisend	AD	neutral	0/0/0	D
hob	heben	VV	neutral	0.3/0.4/0.3	D
hochbeanspruchbar	hochbeanspruchbar	AD	neutral	0/0/0	D
hochbeansprucht	hochbeansprucht	AD	neutral	0/0/0	D
hochgewachsen	hochwachsen	VV	neutral	0/0/0	D
hypnotisieren	hypnotisieren	VV	neutral	0/0/0	D
hypnotisierte	hypnotisieren	VV	neutral	0/0/0	D
häufig	häufig	AD	neutral	0.215686/0.529412/0.254902	D
höchstens	höchstens	AD	neutral	0.153846/0.538462/0.307692	D
höchstwahrscheinlich	höchstwahrscheinlich	AD	neutral	0/0/0	D
immer	immer	AD	neutral	0.301538/0.453846/0.244615	D
immerhin	immerhin	AD	neutral	0.107143/0.428571/0.464286	D
immun	immun	AD	neutral	0/0/0	D
impliziert	implizieren	VV	neutral	0/0/0	D
implizit	implizit	AD	neutral	0/0/0	D
improvisieren	improvisieren	VV	neutral	0/0/0	D
improvisierte	improvisieren	VV	neutral	0/0/0	D
infolgedessen	infolgedessen	AD	neutral	0/0/0	D
informationell	informationell	AD	neutral	0/0/0	D
informatorisch	informatorisch	AD	neutral	0/0/0	D
inhärent	inhärent	AD	neutral	0/0/0	D
insbesondere	insbesondere	AD	neutral	0.5/0.375/0.125	D
insgesamt	insgesamt	AD	neutral	0.242105/0.357895/0.4	D
intensiviert	intensiviert	AD	neutral	0/0/0	D
intim	intim	AD	neutral	1/0/0	D
ironisch	ironisch	AD	neutral	1/0/0	D
jedenfalls	jedenfalls	AD	neutral	0.169014/0.605634/0.225352	D
jegliche	jeglich	PI	neutral	0.384615/0.461538/0.153846	D
kannte	kennen	VV	neutral	0.308943/0.455285/0.235772	D
kapitalkräftig	kapitalkräftig	AD	neutral	0/0/0	D
kein Abbruch	kein Abbruch	NN	neutral	0/0/0	D
kein Album	kein Album	NN	neutral	0/0/0	D
kein Angabe	kein Angabe	NN	neutral	0/0/0	D
kein Angst	kein Angst	NN	neutral	0/0/0	D
kein Auge	kein Auge	NN	neutral	0/0/0	D
kein Aussage	kein Aussage	NN	neutral	0/0/0	D
kein CD	kein CD	NN	neutral	0/0/0	D
kein Computer	kein Computer	NN	neutral	0/0/0	D
kein Datum	kein Datum	NN	neutral	0/0/0	D
kein Druck	kein Druck	NN	neutral	0/0/0	D
kein Einzelfall	kein Einzelfall	NN	neutral	0/0/0	D
kein Fall	kein Fall	NN	neutral	0/0/0	D
kein Frage	kein Frage	NN	neutral	0/0/0	D
kein Gerät	kein Gerät	NN	neutral	0/0/0	D
kein Grund	kein Grund	NN	neutral	0/0/0	D
kein Kabel	kein Kabel	NN	neutral	0/0/0	D
kein Kind	kein Kind	NN	neutral	0/0/0	D
kein PC	kein PC	NN	neutral	0/0/0	D
kein Profi	kein Profi	NN	neutral	0/0/0	D
kein Rede	kein Rede	NN	neutral	0/0/0	D
kein Rolle	kein Rolle	NN	neutral	0/0/0	D
kein Spur	kein Spur	NN	neutral	0/0/0	D
kein Stück	kein Stück	NN	neutral	0/0/0	D
kein Teil	kein Teil	NN	neutral	0/0/0	D
kein Titel	kein Titel	NN	neutral	0/0/0	D
kein Ton	kein Ton	NN	neutral	0/0/0	D
kein Unterschied	kein Unterschied	NN	neutral	0/0/0	D
kein Vergleich	kein Vergleich	NN	neutral	0/0/0	D
kein Wort	kein Wort	NN	neutral	0/0/0	D
kein Wunder	kein Wunder	NN	neutral	0/0/0	D
kein ander	kein ander	VV	neutral	0/0/0	D
kein direkt	kein direkt	VV	neutral	0/0/0	D
kein einzig	kein einzig	VV	neutral	0/0/0	D
kein groß	kein groß	VV	neutral	0/0/0	D
kein scharf	kein scharf	VV	neutral	0/0/0	D
kein so	kein so	VV	neutral	0/0/0	D
kein weit	kein weit	VV	neutral	0/0/0	D
kein wirklich	kein wirklich	VV	neutral	0/0/0	D
kennen	kennen	VV	neutral	0.308943/0.455285/0.235772	D
kenntlich	kenntlich	AD	neutral	0/0/0	D
klammheimlich	klammheimlich	AD	neutral	0/0/0	D
komisch	komisch	AD	neutral	0.166667/0.666667/0.166667	D
kurzfristig	kurzfristig	AD	neutral	0.333333/0.666667/0	D
können	können	VM	neutral	0.331807/0.440712/0.227481	D
könnte	können	VM	neutral	0.331807/0.440712/0.227481	D
las	lesen	VV	neutral	0.29927/0.489051/0.211679	D
lauschte	lauschen	VV	neutral	1/0/0	D
lebenswichtig	lebenswichtig	AD	neutral	0/0/0	D
lediglich	lediglich	AD	neutral	0.367347/0.346939/0.285714	D
legalistisch	legalistisch	VV	neutral	0/0/0	D
legte	legen	VV	neutral	0.322222/0.455556/0.222222	D
letzt	letzt	AD	neutral	0.292994/0.509554/0.197452	D
letzte	letzt	AD	neutral	0.292994/0.509554/0.197452	D
letztendlich	letztendlich	AD	neutral	0.2/0.55/0.25	D
letztlich	letztlich	AD	neutral	0.307692/0.384615/0.307692	D
liegt	liegen	VV	neutral	0.268482/0.490272/0.241245	D
locken	locken	VV	neutral	0.25/0.25/0.5	D
lockend	lockend	AD	neutral	0/0/1	D
lockte	locken	VV	neutral	0.25/0.25/0.5	D
lärmarm	lärmarm	AD	neutral	0/0/0	D
macht	machen	VV	neutral	0.340456/0.437322/0.222222	D
machte	machen	VV	neutral	0.340456/0.437322/0.222222	D
malte	malen	VV	neutral	0.222222/0.666667/0.111111	D
manifest	manifest	VV	neutral	0/0/0	D
mehrmalig	mehrmalig	AD	neutral	0.129032/0.516129/0.354839	D
merklich	merklich	AD	neutral	0.25/0.5/0.25	D
methodisch	methodisch	AD	neutral	0/0/0	D
minderjährig	minderjährig	AD	neutral	0/0/0	D
mini	mini	NN	neutral	0.461538/0.307692/0.230769	D
mir	sich	PR	neutral	0.287129/0.478742/0.234129	D
mischen	mischen	VV	neutral	0.5/0/0.5	D
mithin	mithin	AD	neutral	0/0/0	D
mitteilsam	mitteilsam	AD	neutral	0/0/0	D
mittelbar	mittelbar	AD	neutral	0/0/0	D
mittig	mittig	AD	neutral	0.333333/0.666667/0	D
mm-these	Mm-these	FM	neutral	0/0/0	D
mutete	muten	AD	neutral	0/0.666667/0.333333	D
mutmaßen	mutmaßen	VV	neutral	0/1/0	D
mutmaßlich	mutmaßlich	AD	neutral	0/0/0	D
mutmaßte	mutmaßen	VV	neutral	0/1/0	D
möglichenfalls	möglichenfalls	AD	neutral	0/0/0	D
möglicherweise	möglicherweise	AD	neutral	0.272727/0.454545/0.272727	D
mündlich	mündlich	AD	neutral	0/0/0	D
nachbereiten	nachbereiten	VV	neutral	0/0/0	D
nachdenklich	nachdenklich	AD	neutral	0/0.666667/0.333333	D
nachstehenden	nachstehend	AD	neutral	0/0/0	D
nahm	nehmen	VV	neutral	0.246835/0.468354/0.28481	D
namentlich	namentlich	AD	neutral	0/0/0	D
naszierend	naszierend	VV	neutral	0/0/0	D
naturnah	naturnah	AD	neutral	0/0/0	D
naturverbunden	naturverbunden	AD	neutral	0/0/0	D
nicht -	nicht -	VV	neutral	0/0/0	D
nicht aber	nicht aber	VV	neutral	0/0/0	D
nicht all	nicht all	VV	neutral	0/0/0	D
nicht alle	nicht alle	VV	neutral	0/0/0	D
nicht alleine	nicht alleine	VV	neutral	0/0/0	D
nicht allzu	nicht allzu	VV	neutral	0/0/0	D
nicht als	nicht als	VV	neutral	0/0/0	D
nicht am	nicht am	VV	neutral	0/0/0	D
nicht an	nicht an	VV	neutral	0/0/0	D
nicht anders	nicht anders	VV	neutral	0/0/0	D
nicht anfreunden	nicht anfreunden	VV	neutral	0/0/0	D
nicht anschließen	nicht anschließen	VV	neutral	0/0/0	D
nicht auch	nicht auch	VV	neutral	0/0/0	D
nicht auf	nicht auf	VV	neutral	0/0/0	D
nicht auftreten	nicht auftreten	VV	neutral	0/0/0	D
nicht aus	nicht aus	VV	neutral	0/0/0	D
nicht ausgeben	nicht ausgeben	VV	neutral	0/0/0	D
nicht ausprobieren	nicht ausprobieren	VV	neutral	0/0/0	D
nicht automatisch	nicht automatisch	VV	neutral	0/0/0	D
nicht bestätigen	nicht bestätigen	VV	neutral	0/0/0	D
nicht beurteilen	nicht beurteilen	VV	neutral	0/0/0	D
nicht bewegen	nicht bewegen	VV	neutral	0/0/0	D
nicht billig	nicht billig	VV	neutral	0/0/0	D
nicht blind	nicht blind	VV	neutral	0/0/0	D
nicht dachen	nicht dachen	VV	neutral	0/0/0	D
nicht davon	nicht davon	VV	neutral	0/0/0	D
nicht der	nicht der	VV	neutral	0/0/0	D
nicht direkt	nicht direkt	VV	neutral	0/0/0	D
nicht drauf	nicht drauf	VV	neutral	0/0/0	D
nicht durch	nicht durch	VV	neutral	0/0/0	D
nicht eignen	nicht eignen	VV	neutral	0/0/0	D
nicht erkennen	nicht erkennen	VV	neutral	0/0/0	D
nicht erleben	nicht erleben	VV	neutral	0/0/0	D
nicht erst	nicht erst	VV	neutral	0/0/0	D
nicht erwarten	nicht erwarten	VV	neutral	0/0/0	D
nicht fallen	nicht fallen	VV	neutral	0/0/0	D
nicht feststellen	nicht feststellen	VV	neutral	0/0/0	D
nicht finden	nicht finden	VV	neutral	0/0/0	D
nicht fällen	nicht fällen	VV	neutral	0/0/0	D
nicht für	nicht für	VV	neutral	0/0/0	D
nicht ganz	nicht ganz	VV	neutral	0/0/0	D
nicht gerade	nicht gerade	VV	neutral	0/0/0	D
nicht gewöhnen	nicht gewöhnen	VV	neutral	0/0/0	D
nicht gleich	nicht gleich	VV	neutral	0/0/0	D
nicht groß	nicht groß	VV	neutral	0/0/0	D
nicht heiß	nicht heiß	VV	neutral	0/0/0	D
nicht hin	nicht hin	VV	neutral	0/0/0	D
nicht ich	nicht ich	VV	neutral	0/0/0	D
nicht im	nicht im	VV	neutral	0/0/0	D
nicht immer	nicht immer	VV	neutral	0/0/0	D
nicht in	nicht in	VV	neutral	0/0/0	D
nicht jed	nicht jed	VV	neutral	0/0/0	D
nicht kennen	nicht kennen	VV	neutral	0/0/0	D
nicht lang	nicht lang	VV	neutral	0/0/0	D
nicht lesen	nicht lesen	VV	neutral	0/0/0	D
nicht liegen	nicht liegen	VV	neutral	0/0/0	D
nicht machen	nicht machen	VV	neutral	0/0/0	D
nicht mein	nicht mein	VV	neutral	0/0/0	D
nicht nach	nicht nach	VV	neutral	0/0/0	D
nicht noch	nicht noch	VV	neutral	0/0/0	D
nicht notwendig	nicht notwendig	VV	neutral	0/0/0	D
nicht nur	nicht nur	VV	neutral	0/0/0	D
nicht nötig	nicht nötig	VV	neutral	0/0/0	D
nicht ob	nicht ob	VV	neutral	0/0/0	D
nicht oder	nicht oder	VV	neutral	0/0/0	D
nicht ohne	nicht ohne	VV	neutral	0/0/0	D
nicht optimal	nicht optimal	VV	neutral	0/0/0	D
nicht reinigen	nicht reinigen	VV	neutral	0/0/0	D
nicht sagen	nicht sagen	VV	neutral	0/0/0	D
nicht schaden	nicht schaden	VV	neutral	0/0/0	D
nicht schon	nicht schon	VV	neutral	0/0/0	D
nicht schwer	nicht schwer	VV	neutral	0/0/0	D
nicht sehen	nicht sehen	VV	neutral	0/0/0	D
nicht sehr	nicht sehr	VV	neutral	0/0/0	D
nicht sicher	nicht sicher	VV	neutral	0/0/0	D
nicht sofort	nicht sofort	VV	neutral	0/0/0	D
nicht stimmen	nicht stimmen	VV	neutral	0/0/0	D
nicht stören	nicht stören	VV	neutral	0/0/0	D
nicht teilen	nicht teilen	VV	neutral	0/0/0	D
nicht testen	nicht testen	VV	neutral	0/0/0	D
nicht um	nicht um	VV	neutral	0/0/0	D
nicht unbedingt	nicht unbedingt	VV	neutral	0/0/0	D
nicht und	nicht und	VV	neutral	0/0/0	D
nicht unter	nicht unter	VV	neutral	0/0/0	D
nicht verkaufen	nicht verkaufen	VV	neutral	0/0/0	D
nicht verlangen	nicht verlangen	VV	neutral	0/0/0	D
nicht vermissen	nicht vermissen	VV	neutral	0/0/0	D
nicht verändern	nicht verändern	VV	neutral	0/0/0	D
nicht viel	nicht viel	VV	neutral	0/0/0	D
nicht vom	nicht vom	VV	neutral	0/0/0	D
nicht von	nicht von	VV	neutral	0/0/0	D
nicht vor	nicht vor	VV	neutral	0/0/0	D
nicht vorbei	nicht vorbei	VV	neutral	0/0/0	D
nicht vorstellen	nicht vorstellen	VV	neutral	0/0/0	D
nicht weit	nicht weit	VV	neutral	0/0/0	D
nicht weiter	nicht weiter	VV	neutral	0/0/0	D
nicht wenig	nicht wenig	VV	neutral	0/0/0	D
nicht wer	nicht wer	VV	neutral	0/0/0	D
nicht zu	nicht zu	VV	neutral	0/0/0	D
nicht zum	nicht zum	VV	neutral	0/0/0	D
nicht zur	nicht zur	VV	neutral	0/0/0	D
nicht ändern	nicht ändern	VV	neutral	0/0/0	D
nicht über	nicht über	VV	neutral	0/0/0	D
nicht überall	nicht überall	VV	neutral	0/0/0	D
nicht übertreiben	nicht übertreiben	VV	neutral	0/0/0	D
nichtreflektierend	nichtreflektierend	VV	neutral	0/0/0	D
nichts ander	nichts ander	VV	neutral	0/0/0	D
nichts desto	nichts desto	VV	neutral	0/0/0	D
nichts für	nichts für	VV	neutral	0/0/0	D
nichts mehr	nichts mehr	VV	neutral	0/0/0	D
nichts mit	nichts mit	VV	neutral	0/0/0	D
nichts passieren	nichts passieren	VV	neutral	0/0/0	D
nichts sagen	nichts sagen	VV	neutral	0/0/0	D
nichts und	nichts und	VV	neutral	0/0/0	D
nichts verkehren	nichts verkehren	VV	neutral	0/0/0	D
nichts von	nichts von	VV	neutral	0/0/0	D
nichts wirklich	nichts wirklich	VV	neutral	0/0/0	D
nichts zu	nichts zu	VV	neutral	0/0/0	D
nichtsdestotrotz	nichtsdestotrotz	AD	neutral	0/0.5/0.5	D
nie ein	nie ein	VV	neutral	0/0/0	D
nie so	nie so	VV	neutral	0/0/0	D
nimm	nehmen	VV	neutral	0.246835/0.468354/0.28481	D
nur	nur	KO	neutral	0.26119/0.496884/0.241926	D
objektiv	objektiv	AD	neutral	0.142857/0.857143/0	D
obwohl	obwohl	KO	neutral	0.197183/0.598592/0.204225	D
offenbar	offenbar	AD	neutral	0.230769/0.692308/0.0769231	D
offene	offen	AD	neutral	0.34375/0.34375/0.3125	D
offener	offen	AD	neutral	0.34375/0.34375/0.3125	D
offenkundig	offenkundig	AD	neutral	0/0/0	D
ohne	ohne	KO	neutral	0.329918/0.452869/0.217213	D
optisch	optisch	AD	neutral	0.34375/0.4375/0.21875	D
pauschal	pauschal	AD	neutral	0/0/0	D
persönlich	persönlich	AD	neutral	0.36/0.293333/0.346667	D
philosophieren	philosophieren	VV	neutral	0/0/0	D
philosophierte	philosophieren	VV	neutral	0/0/0	D
pneu	Pneu	XY	neutral	0/0/0	D
predigen	predigen	VV	neutral	0/0/0	D
predigte	predigen	VV	neutral	0/0/0	D
prognostizierbar	prognostizierbar	VV	neutral	0/0/0	D
prognostizieren	prognostizieren	VV	neutral	0/0/0	D
prognostizierte	prognostiziert	VV	neutral	0/0/0	D
prophezeien	prophezeien	VV	neutral	0/0/0	D
prophezeit	prophezeien	VV	neutral	0/0/0	D
psychoanalytisch	psychoanalytisch	AD	neutral	0/0/0	D
rapid	rapid	AD	neutral	0/1/0	D
rapide	rapid	AD	neutral	0/1/0	D
reagieren	reagieren	VV	neutral	0.121212/0.484848/0.393939	D
reagiert	reagieren	VV	neutral	0.121212/0.484848/0.393939	D
reaktionsschnell	reaktionsschnell	AD	neutral	0/0/0	D
rechenintensiv	rechenintensiv	AD	neutral	0/0/0	D
reflektierend	reflektierend	AD	neutral	0/0/0	D
regte	regen	VV	neutral	0.333333/0.444444/0.222222	D
restlos	restlos	AD	neutral	0.666667/0.333333/0	D
rief	rufen	VV	neutral	0.5/0.5/0	D
sachbezogen	sachbezogen	AD	neutral	0/0/0	D
sachlich	sachlich	AD	neutral	0/1/0	D
schauend	schauend	AD	neutral	0/0/0	D
scheinbar	scheinbar	AD	neutral	0.212121/0.545455/0.242424	D
schleunigst	schleunig	AD	neutral	0/0/0	D
schließlich	schließlich	AD	neutral	0.178571/0.607143/0.214286	D
schloss	schließen	NN	neutral	0.254902/0.490196/0.254902	D
schneiden	schneiden	VV	neutral	0.338983/0.40678/0.254237	D
schreiend	schreiend	AD	neutral	0/0/0	D
schulmeisterlich	schulmeisterlich	AD	neutral	0/0/0	D
sehend	sehend	AD	neutral	0/0/0	D
seine	mein	PP	neutral	0.317023/0.448656/0.234321	D
selten	selten	AD	neutral	0.418605/0.44186/0.139535	D
seltener	selten	AD	neutral	0.418605/0.44186/0.139535	D
setzte	setzen	VV	neutral	0.265625/0.46875/0.265625	D
sitzen	sitzen	VV	neutral	0.308824/0.338235/0.352941	D
sitzend	sitzend	AD	neutral	0/0.5/0.5	D
so	so	AD	neutral	0.289201/0.45932/0.251479	D
sofort	sofort	AD	neutral	0.415663/0.421687/0.162651	D
sogar	sogar	AD	neutral	0.385093/0.385093/0.229814	D
sogenannte	sogenannt	AD	neutral	0.214286/0.571429/0.214286	D
sogenannter	sogenannt	AD	neutral	0.214286/0.571429/0.214286	D
sogenanntes	sogenannt	AD	neutral	0.214286/0.571429/0.214286	D
soll	sollen	VM	neutral	0.253049/0.48628/0.260671	D
sollen	sollen	VM	neutral	0.253049/0.48628/0.260671	D
sollte	sollen	VM	neutral	0.253049/0.48628/0.260671	D
sonst	sonst	AD	neutral	0.233333/0.472222/0.294444	D
soviel	soviel	PI	neutral	0.137931/0.517241/0.344828	D
sprach	sprechen	VV	neutral	0.396825/0.380952/0.222222	D
sprudelnd	sprudelnd	AD	neutral	0/0/0	D
steinreich	steinreich	AD	neutral	0/0/0	D
still	still	AD	neutral	0.444444/0.333333/0.222222	D
suchen	suchen	VV	neutral	0.4/0.344828/0.255172	D
tatsächlich	tatsächlich	AD	neutral	0.230769/0.423077/0.346154	D
testen	testen	VV	neutral	0.271028/0.53271/0.196262	D
tief	tief	AD	neutral	0.185185/0.518519/0.296296	D
total	total	AD	neutral	0.308271/0.556391/0.135338	D
trotzdem	trotzdem	PR	neutral	0.310976/0.347561/0.341463	D
tun	tun	VV	neutral	0.226744/0.587209/0.186047	D
unentgeltlich	unentgeltlich	AD	neutral	0/0/0	D
unfrei	unfrei	AD	neutral	0/1/0	D
ungeachtet	ungeachtet	KO	neutral	0/0/0	D
ungemein	ungemein	AD	neutral	0.5/0/0.5	D
unsichtbar	unsichtbar	AD	neutral	0/1/0	D
unsichtbare	unsichtbar	AD	neutral	0/1/0	D
unterrichtet	unterrichten	VV	neutral	0/0/0	D
unverändert	unverändert	AD	neutral	0.5/0/0.5	D
unzählbar	unzählbar	AD	neutral	0/0/0	D
unzählig	unzählig	AD	neutral	0.333333/0.333333/0.333333	D
ursprünglich	ursprünglich	AD	neutral	0.166667/0.333333/0.5	D
urteilen	urteilen	VV	neutral	0.5/0/0.5	D
urteilte	urteilen	VV	neutral	0.5/0/0.5	D
verborgen	verborgen	VV	neutral	0/0/0	D
verhaltener	verhalten	VV	neutral	0.272727/0.636364/0.0909091	D
vermutlich	vermutlich	AD	neutral	0.0869565/0.695652/0.217391	D
vernehmlich	vernehmlich	AD	neutral	0/0/0	D
versteckt	verstecken	VV	neutral	0.416667/0.333333/0.25	D
verwunderlich	verwunderlich	AD	neutral	0/0.666667/0.333333	D
verwundert	verwundert	AD	neutral	0/0/0	D
verzichtete	verzichten	VV	neutral	0.242424/0.575758/0.181818	D
vielleicht	vielleicht	AD	neutral	0.198068/0.545894/0.256039	D
vollauf	vollauf	AD	neutral	0.666667/0.166667/0.166667	D
vollelektronisch	vollelektronisch	AD	neutral	0/0/0	D
voller	voll	AD	neutral	0.435556/0.351111/0.213333	D
vollgepfropft	vollpfropfen	VV	neutral	0/0/0	D
vollgestopft	vollstopfen	VV	neutral	0/0/0	D
voraussagbar	voraussagbar	AD	neutral	0/0/0	D
voraussichtlich	voraussichtlich	AD	neutral	0/0/0	D
vorher	vorher	PT	neutral	0.384615/0.407692/0.207692	D
völlig	völlig	AD	neutral	0.253731/0.559701/0.186567	D
wahrscheinlich	wahrscheinlich	AD	neutral	0.206349/0.507937/0.285714	D
weit	weit	AD	neutral	0.30038/0.460076/0.239544	D
weiter	weit	AD	neutral	0.30038/0.460076/0.239544	D
weithin	weithin	AD	neutral	0/0/0	D
wenn	wenn	KO	neutral	0.255429/0.488108/0.256463	D
werde	werden	VV	neutral	0.258483/0.493513/0.248004	D
wiedererkennbar	wiedererkennbar	AD	neutral	0/0/0	D
wiederholen	wiederholen	VV	neutral	0.25/0.583333/0.166667	D
wiederholte	wiederholen	VV	neutral	0.25/0.583333/0.166667	D
windschief	windschief	AD	neutral	0/0/0	D
wir	wir	PP	neutral	0.327273/0.484848/0.187879	D
wird	werden	VV	neutral	0.258483/0.493513/0.248004	D
wirkend	wirkend	AD	neutral	0.1/0.6/0.3	D
wirklich	wirklich	AD	neutral	0.338257/0.397341/0.264402	D
wissend	wissend	AD	neutral	0/0/0	D
wissenschaftlich	wissenschaftlich	AD	neutral	0/0/1	D
wog	wiegen	VV	neutral	0.285714/0.357143/0.357143	D
wohl	wohl	AD	neutral	0.160784/0.607843/0.231373	D
wünschen	wünschen	VV	neutral	0.25/0.4375/0.3125	D
würde	werden	VV	neutral	0.258483/0.493513/0.248004	D
zahllos	zahllos	AD	neutral	0/1/0	D
zielbewusst	zielbewußt	AD	neutral	0/0/0	D
zuerst	zuerst	AD	neutral	0.280702/0.473684/0.245614	D
zufällig	zufällig	AD	neutral	0.4/0.2/0.4	D
zuletzt	zuletzt	AD	neutral	0.166667/0.416667/0.416667	D
zumal	zumal	KO	neutral	0.363636/0.363636/0.272727	D
zunehmend	zunehmend	AD	neutral	0/0.25/0.75	D
zurückstrahlend	zurückstrahlend	AD	neutral	0/0/0	D
zuständig	zuständig	AD	neutral	0/1/0	D
zusätzlich	zusätzlich	AD	neutral	0.436364/0.290909/0.272727	D
zutiefst	zutiefst	AD	neutral	1/0/0	D
Äußerung	Äußerung	NN	neutral	0/1/0	D
Äußerungen	Äußerung	NN	neutral	0/1/0	D
Überblick	Überblick	NN	neutral	0.2/0.2/0.6	D
ähnlich	ähnlich	AD	neutral	0.258824/0.447059/0.294118	D
ähnliche	ähnlich	AD	neutral	0.258824/0.447059/0.294118	D
äußere	äußern	VV	neutral	0.290323/0.548387/0.16129	D
äußerst	äußerst	AD	neutral	0/1/0	D
äußerster	äußer	AD	neutral	0.2/0.5/0.3	D
über	über	PT	neutral	0.316008/0.451143/0.232848	D
überabzählbar	überabzählbar	VV	neutral	0/0/0	D
überall	überall	AD	neutral	0.305556/0.694444/0	D
überreden	überreden	VV	neutral	0/1/0	D
überredet	überreden	VV	neutral	0/1/0	D
überredete	überreden	VV	neutral	0/1/0	D
überwiegend	überwiegend	AD	neutral	0.125/0.5625/0.3125	D
